SNO,NAME,STUDENT ID,GENDER,YEAR,CGPA,SEMESTER WISE CGPA,CORE COURSES-CGPA,NATIONAL HACKTHON,LOCAL HACKTHON,PPT,PROJECT,EXTRACURICULAR ACTIVITES
1,Guthrie Axcel,72,Male,3,8.2,8.65,6.7,1,1,0,0,0
2,Homer Vasilyonok,75,Male,1,7.08,8.8,6.87,1,1,0,1,1
3,Lilas Ladlow,839,Female,3,6.34,9.52,9.82,1,0,0,1,1
4,Pall Wooles,456,Male,4,8.08,9.89,7.13,1,0,1,0,0
5,Tara Melling,371,Female,3,8.91,7.39,7.85,0,1,0,1,1
6,Luca Fitzroy,911,Male,1,9.68,7.2,8.69,0,1,0,1,1
7,Kiel Lambie,859,Male,2,6.41,9.09,8.94,1,0,0,0,1
8,Felicity Gailor,900,Female,2,9.54,6.54,9.86,0,1,0,1,1
9,Reeba Elsworth,595,Female,3,7.09,8.83,7.5,1,0,0,1,0
10,Ardith De Vile,629,Female,2,7.3,8.34,6.68,1,0,1,1,1
11,Merle Milson,258,Male,1,7.91,6.04,9.95,1,0,0,0,0
12,Sybil Hush,618,Female,3,9.56,8.74,7.91,1,1,1,0,1
13,Clevey Gascoigne,686,Male,2,7.12,7.17,6.59,1,0,0,1,0
14,Evyn Boden,289,Male,4,9.18,6.03,9.17,1,0,1,0,0
15,Corby Gerg,802,Male,4,9.33,7.62,9.43,0,0,1,1,0
16,Kendre Elman,980,Female,2,8.06,8.6,8.59,0,1,1,1,0
17,Veda Chalice,296,Female,4,7.72,9.01,7.03,1,1,0,0,0
18,Cross Pope,402,Male,1,9.92,9.67,8.68,0,1,1,0,1
19,Tiertza Hamlen,889,Female,1,8.68,6.02,6.05,0,1,1,0,0
20,Merill Barkway,908,Male,1,9.07,7.77,7.57,1,0,0,0,1
21,Celestina Kroger,92,Female,3,6.46,7.93,9.8,0,0,0,0,0
22,Arin Dovidaitis,629,Male,3,9.44,8.23,6.47,0,1,1,0,1
23,Stacee Seignior,169,Female,2,9.88,6.07,7.01,0,1,1,0,0
24,Pepe Breazeall,215,Male,2,7.66,8.26,9.92,0,1,0,1,1
25,Janith Warr,989,Female,2,7.51,7.92,8.64,0,0,0,0,1
26,Grace Bett,959,Male,2,7.28,7.3,8.27,1,1,1,0,0
27,Lauryn McClean,303,Female,1,6.93,7.89,7.24,0,0,1,1,0
28,Davita Cahey,717,Female,2,9.28,8.76,9.49,1,0,1,1,1
29,Farris Norvell,472,Male,1,8.37,8.41,6.99,0,0,1,1,1
30,Xena Mayou,287,Female,3,9.26,8.11,7.44,0,0,1,0,1
31,Hildy Ayce,25,Female,2,6.37,9.77,7.61,1,1,0,1,1
32,Casper Doohan,586,Male,3,8.59,7.86,7.35,1,1,0,0,1
33,Vikky Errichi,299,Female,4,6.14,9.12,8.94,1,1,0,1,1
34,Thomasin Colloff,310,Female,3,9.45,7.61,6.32,1,1,0,1,0
35,Evy Stearley,476,Female,1,8.7,9.04,8.55,0,1,1,1,1
36,Teddy Stoyle,918,Female,3,7.07,9.82,9.28,1,0,1,0,1
37,Gay Leeb,279,Female,4,6.03,9.41,7.31,0,0,1,1,0
38,Rurik Opdenort,955,Male,4,7.3,7.15,8.73,1,0,0,0,0
39,Denney Griswaite,857,Male,1,9.21,7.38,7.76,1,1,1,1,1
40,Edita Dunwoody,636,Female,3,6.26,7.52,9.45,1,1,1,1,0
41,Darline Filinkov,53,Female,1,6.08,6.55,9.96,0,0,0,0,1
42,Gianina Folds,116,Female,4,9.24,8.56,6.04,1,0,0,0,0
43,Trevar Cerie,749,Male,2,9.66,7.88,6.64,1,0,1,1,1
44,Marquita Linny,338,Female,1,7.66,6.06,7.31,0,1,1,0,1
45,Stearn Andren,69,Male,2,7.88,7.68,6.93,0,0,1,1,0
46,Bank Timmons,487,Male,3,6.12,8.14,6.81,0,0,1,0,0
47,Gerald Kernley,784,Male,2,7.79,6.32,9.34,1,1,1,1,0
48,Art Sprowles,326,Male,3,8.38,6.36,9.34,1,1,1,1,0
49,Sheff Rubanenko,336,Male,1,8.26,7.63,9.99,1,1,0,0,0
50,Wilmer Hassen,297,Male,1,8.57,8.6,6.73,0,1,1,0,0
51,Tadeas Salway,381,Male,2,6.41,8,9.48,1,1,0,0,1
52,Ninetta Stritton,765,Female,2,8.75,8.94,8.3,1,0,1,0,0
53,Dewitt Franchyonok,183,Male,1,9.44,9.29,7.72,0,0,0,0,1
54,Doug Zollner,217,Male,2,8.43,6.18,7.16,0,1,1,0,1
55,Fitzgerald Gatecliffe,180,Male,1,7.73,8.88,6.36,0,1,0,1,1
56,Mikkel Pinder,769,Male,4,8.94,8.51,9.68,0,0,1,1,1
57,Isa Dore,597,Male,3,8.95,8.17,9.19,0,1,1,1,0
58,Sinclair Stranks,818,Male,2,9.36,7.13,7.03,1,0,1,1,0
59,Vinson Vany,195,Male,1,9.82,9.67,8.91,0,0,0,0,1
60,Marna Devenport,189,Female,1,8.6,6.77,8.81,0,1,1,1,1
61,Ardith Carwithen,128,Female,1,6.13,8.71,7.11,0,0,0,0,1
62,Antonin Pastor,674,Male,3,9.9,7.91,9.05,0,0,1,1,0
63,Mora Cuttin,815,Female,4,7.57,7.19,6.43,0,1,0,1,1
64,Patsy Grenville,286,Female,3,8.01,9.4,6.34,0,0,0,0,0
65,Gregoor Trimble,508,Male,2,8.08,6.76,8.03,0,1,1,0,0
66,Tabbitha Gapp,389,Female,1,7.24,9.51,6.77,0,0,0,1,0
67,Willa Ainsbury,529,Female,3,7.43,8.97,8.21,1,1,0,1,0
68,Urbanus Jedrychowski,151,Male,1,9.67,7.29,7.59,0,0,1,0,0
69,Faunie Dullingham,410,Female,3,7.09,8.93,6.06,0,1,1,1,1
70,Ricardo Kahen,817,Male,4,7.44,9.9,8.32,0,0,1,0,0
71,Ingar Simonutti,380,Male,4,7.77,8.77,8.68,0,1,1,0,0
72,Ainslie McFadyen,991,Female,1,9.8,6.07,7.81,1,0,1,1,1
73,Cassaundra Sidwell,209,Female,3,9.71,8.18,8.13,1,1,1,0,1
74,Abbie Vanini,819,Female,3,9.68,8.3,6.59,1,1,0,0,1
75,Min Clayfield,345,Female,1,9.38,8.06,7.48,1,1,0,1,1
76,Kingsly Goldis,625,Male,2,7.13,7.09,7.53,0,1,1,0,0
77,Basilius Rustich,559,Male,4,9.96,8.92,9.65,0,0,1,0,0
78,Thom Eager,864,Male,4,9.63,9.43,8.16,0,1,0,0,1
79,Sven Isabell,90,Male,2,8.26,6.26,6.73,1,1,0,1,0
80,Ilaire Serck,924,Male,1,8.8,7.73,8.19,0,1,0,1,1
81,Sondra Popple,697,Female,2,7.5,8.34,9.96,1,0,0,0,0
82,Maressa Fiddiman,456,Female,4,8.78,8.28,7.51,0,1,0,0,1
83,Karalynn Goare,526,Female,3,6.28,8.54,7.54,1,1,1,0,0
84,Cathe Prentice,140,Female,1,7.42,7.05,6.74,0,0,1,1,0
85,Donny Gallihaulk,881,Male,1,9.03,9,7.61,0,1,0,1,1
86,Desmund Kliemann,539,Male,1,6.58,7.31,7.6,1,0,1,1,0
87,Udale Rojel,795,Male,2,6.74,9.29,7,0,1,0,0,1
88,Hamlen Fawssett,755,Male,2,7.97,7.9,6.06,0,0,1,1,0
89,Myranda Selley,987,Female,2,7.63,8.14,6,1,0,0,0,1
90,Onida Bilam,558,Female,4,8.74,8.81,6.3,1,1,0,1,1
91,Agnola Fairn,587,Female,1,7.71,6.38,8.51,0,1,0,0,0
92,Mandel Ciccarello,762,Male,1,8.66,8.12,6.12,0,1,0,0,1
93,Waiter Colquit,375,Male,4,9.54,8.62,6.1,1,0,1,1,1
94,Sherlock Peabody,286,Male,1,8.5,8.83,8.29,0,0,1,1,0
95,Vasily Feitosa,877,Male,3,6.49,7.94,7.04,1,1,0,1,1
96,Allx Thomason,363,Female,2,6.57,8.83,6.44,1,0,0,0,0
97,Tadio Mapson,775,Male,1,9.96,7.53,9.41,1,0,0,0,1
98,Eda Brideaux,421,Female,4,9.49,7.76,8.23,0,1,0,1,0
99,Packston Smyth,655,Male,3,7.24,6.61,9.09,1,1,1,0,0
100,Benedikt Gerriets,925,Male,1,9.55,7.09,6.59,0,1,1,0,1
101,Chicky McAster,340,Male,2,6.02,7.76,8.28,1,0,1,1,1
102,Andromache Newns,582,Female,1,6.24,9.78,9.41,1,0,0,0,0
103,Rollins Tomashov,83,Male,3,6.5,7.8,9.66,1,0,1,1,1
104,Ernestine Biaggiotti,58,Female,3,9.08,6.04,6.27,1,1,0,0,0
105,Ingrim McCoish,428,Male,3,6.66,6.15,7.83,0,0,1,0,1
106,Deana Fligg,558,Female,4,6.74,6.45,6.35,1,1,1,0,1
107,Nichole Stanion,245,Female,3,6.37,9.67,9.57,0,1,1,0,0
108,Stevy Shelbourne,861,Male,4,9.18,6.39,8.85,0,1,1,0,1
109,Bone Chartre,286,Male,1,8.97,9.62,8.07,1,1,0,1,0
110,Dannie Stead,6,Female,1,8.08,8.34,9.32,0,0,1,1,0
111,Morlee Eagan,363,Male,1,9.87,6.95,8.03,0,1,0,1,0
112,Kippy Ivy,524,Female,3,7.51,9.56,6.85,0,1,1,1,1
113,Emili Schuricke,834,Female,3,7.03,9.74,10,0,1,0,1,1
114,Bren Lamperd,676,Male,2,8.2,8.47,9.97,0,1,1,0,0
115,Gian Uzzell,736,Male,1,7.82,9.69,6.11,0,0,1,0,0
116,Bernete Rossetti,51,Female,1,7.11,9.55,6.25,0,0,0,1,0
117,Ian Ceillier,817,Male,3,7.4,6.09,6.11,0,0,0,1,0
118,Mallory Fraschetti,463,Male,2,7.31,6.39,8.76,0,0,1,1,1
119,Christoforo Eads,705,Male,4,8.24,7.35,8.56,0,1,0,0,1
120,Fara Vaudrey,923,Female,3,6.82,6.75,7,0,0,0,0,1
121,Thom Claricoats,572,Male,4,9.43,9.71,9.72,0,1,0,1,0
122,Sal Pounsett,901,Male,4,7.77,7.16,7.12,1,1,1,0,0
123,Barrett Blackmoor,12,Male,1,9.84,6.25,7.58,1,1,0,1,0
124,Simmonds Philcock,143,Male,3,7.1,8.41,7.5,1,0,0,1,1
125,Wain Southey,360,Male,2,7.52,9.43,9.74,0,0,1,1,0
126,Jamesy Claibourn,225,Male,4,9.2,9.08,7.95,0,0,0,1,0
127,Jobi Labbe,748,Female,4,6.74,6.16,7.22,0,1,1,1,0
128,Doll Antonijevic,368,Female,3,6.79,7.22,6.49,0,0,0,0,1
129,Floria Scampion,420,Female,1,8.12,6.41,7.64,1,1,0,1,1
130,Mort Dunhill,998,Male,2,8.08,7.51,6.49,1,0,0,0,0
131,Wesley Maleby,417,Male,1,6.78,6.88,8.75,1,0,0,0,0
132,Sigfried Golagley,836,Male,1,8.82,8.42,9.41,1,1,0,1,0
133,Tomasina Goman,759,Female,4,6.24,7.2,9.36,1,1,1,1,1
134,Benoit Bagger,94,Male,3,8.63,6.36,8.58,1,0,0,0,0
135,Jarvis Kalberer,485,Male,2,7.66,6.1,6.66,0,0,0,0,1
136,Mariette Burry,571,Female,4,8.33,7.37,8.96,1,0,1,0,1
137,Emlynne Garrold,836,Female,3,8.94,7.75,8.56,1,1,1,0,0
138,Clive Foston,302,Male,2,6,7.64,7.76,0,1,0,1,1
139,Peg Warwick,431,Female,2,7.03,6.08,9.75,1,1,0,0,0
140,Townie Tummond,692,Male,4,9.49,7.42,6.61,1,1,1,1,1
141,Yvonne Riccione,919,Female,2,7.24,7.74,7.92,0,1,0,1,0
142,Hermann Perris,618,Male,2,9.18,8.07,6.92,0,0,0,1,1
143,Orion Jess,652,Male,1,9.69,7.56,6.97,0,1,1,1,0
144,Franny Powlesland,234,Female,4,7.35,7.41,6.89,1,1,0,0,1
145,Krishna Duckerin,81,Male,2,9.02,6.52,9.76,0,0,1,0,0
146,Marylee Brasse,513,Female,1,7.54,9.44,6.87,0,0,1,1,0
147,William Garlee,823,Male,2,8.83,7.14,8.12,1,0,0,1,0
148,Charis Fairfull,177,Female,1,8.51,7.85,8.15,1,0,0,1,1
149,Celina Skene,144,Female,4,7.29,6.61,6.14,0,1,0,0,1
150,Mari Dickey,886,Female,3,6.79,7.12,8.78,0,1,1,1,1
151,Kesley McLanaghan,765,Female,2,9.43,8.59,6.27,1,0,1,0,0
152,Cleavland Ditt,147,Male,1,7.82,7.55,9.13,1,1,1,1,1
153,Adele Licquorish,910,Female,2,7.74,7.67,7.82,1,1,0,0,1
154,Melicent Tinan,699,Female,1,9.5,8,7.8,1,0,0,0,1
155,Levey Drover,388,Male,2,8.61,7.26,9.58,0,1,0,0,0
156,Glen Hundley,595,Male,1,9.5,7.86,9.17,0,0,0,0,1
157,Kleon Bachanski,145,Male,3,9.34,7.77,8.02,0,0,0,0,1
158,Marin Bremond,279,Female,3,6.37,6.62,6.66,0,0,0,1,0
159,Yard Osmond,394,Male,2,6.9,9.85,8.54,0,1,0,0,0
160,Evanne Semon,162,Female,3,7.59,8.31,8.64,0,0,0,1,0
161,Bradan Stockoe,487,Male,3,8.82,8.72,9.57,1,1,0,0,1
162,Stacy Beynon,162,Male,2,7.26,6.28,9.78,0,0,0,0,1
163,Petronia Shewan,812,Female,1,8.18,8.7,6.91,1,1,0,1,0
164,Dionisio Aldington,837,Male,1,9.58,6.58,9.43,1,1,1,1,0
165,Vi Trevillion,9,Female,3,8.9,8.6,6.94,1,0,0,0,1
166,Lesley Lehmann,174,Female,3,7.82,9.92,6.57,1,0,0,1,0
167,Vernor Beals,977,Male,1,9.05,9.74,8.4,1,0,0,1,0
168,Antin Menguy,169,Male,3,8.5,8.98,9.79,1,0,0,0,0
169,Star Rawet,103,Female,4,8.22,6.04,7.61,0,0,0,0,1
170,Jeramie Jowle,501,Male,1,9.55,8.65,9.04,0,0,0,1,0
171,Fayth Hobbema,220,Female,1,8,8.71,9.75,0,1,1,0,1
172,Marysa Bedenham,330,Female,3,8.45,9,8.28,1,1,1,0,1
173,Faulkner Baitey,854,Male,2,9.44,9.61,9.2,1,0,0,0,1
174,Marya Bill,234,Female,3,7.71,9.04,7.42,1,1,0,1,1
175,Maighdiln Taile,65,Female,1,6.58,9.9,8.09,1,1,1,0,1
176,Asher Tilt,336,Male,3,8.05,9.72,8.85,1,0,0,0,1
177,Reeba Labon,254,Female,4,6.69,8.23,9.19,0,0,1,0,1
178,Daniella Pickavance,793,Female,4,8.62,9.92,8.3,1,1,1,0,0
179,Joey Northcote,575,Male,2,7.87,6.06,6.35,1,0,1,0,0
180,Ulises Toman,118,Male,3,8.54,9.91,7.58,1,0,0,0,0
181,Alfy Theodoris,286,Female,4,9.18,6.37,8.06,0,0,1,0,1
182,Elyn Richards,83,Female,4,6.94,8.71,9.54,1,1,1,1,0
183,Rogers Jaszczak,181,Male,4,8.45,9,8.13,0,0,0,0,1
184,Kurt Barnwell,544,Male,1,9.92,8.25,8.84,0,0,1,0,1
185,Margaret Wretham,189,Female,2,6.96,9.43,6.34,0,1,1,0,1
186,Desiree Hooke,210,Female,2,9.6,9.76,8.09,1,0,1,0,1
187,Jacquenette Riping,42,Female,3,8.71,7.52,6.86,0,1,0,1,1
188,Trixie Klas,576,Female,3,6.7,8.35,9.03,0,0,1,0,1
189,Jocko Higbin,527,Male,2,9.56,7.6,7.42,0,0,1,0,1
190,Celinda Brazier,432,Female,2,8.04,6.96,7.65,0,1,0,1,0
191,Bobby Demongeot,433,Male,4,6.9,9.92,9.59,1,1,0,0,1
192,Carmel Hollebon,164,Female,1,7.11,7.37,9.3,0,0,0,1,1
193,Ricki Liveing,900,Female,3,6.81,6.57,8.11,0,1,0,1,1
194,Mala Macrae,291,Female,3,7.8,6.59,6.02,0,1,0,0,1
195,Stavro Rodwell,700,Male,2,8.7,6.74,9.62,1,0,0,0,0
196,Sandor Beamand,577,Male,1,6.86,9.75,6.48,0,1,1,0,0
197,Tiebout Studdal,565,Male,4,8.85,9.7,6.05,1,0,1,0,0
198,Florrie Sharpley,120,Female,2,9.49,6.56,9.23,1,0,1,0,1
199,Alic Izkovitch,908,Male,3,7.39,8.06,6.81,0,0,1,0,1
200,Quint Ayliffe,712,Male,1,8.31,8.85,8.4,0,1,1,0,1
201,Tymon Puig,447,Male,2,7.44,9.5,8.18,0,0,0,1,0
202,Wilbert Janosevic,607,Male,2,6.25,8.83,8.54,1,1,1,1,0
203,Guthrey Kinver,353,Male,3,6.97,7.55,9.71,0,0,1,1,0
204,Judas Leavens,368,Male,4,9.29,8.93,6.52,0,1,0,1,1
205,Dicky McCourt,780,Male,3,9.61,8.75,6.32,0,1,1,1,1
206,Tadeo Spurman,433,Male,3,8.85,8.58,9.58,0,0,0,1,1
207,Marleen Metschke,764,Female,2,6.69,9.31,8.1,0,1,0,0,1
208,Cassie Pryke,177,Male,3,9.43,6.31,7.22,1,1,1,1,0
209,Simeon Ramm,254,Male,1,8.93,8.93,7.84,0,1,1,0,1
210,Ceil Tarbox,951,Female,1,6.35,9.29,8.85,1,0,0,1,1
211,Guy Cullinan,467,Male,4,6.97,9.35,6.7,0,0,0,0,1
212,Tildy Bale,295,Female,1,7.94,9.28,9.37,0,1,1,0,0
213,Sean Achrameev,654,Male,3,8.61,9.54,6.83,1,0,0,0,0
214,Galen Tenniswood,694,Male,2,7.74,8.53,6.96,1,0,0,0,1
215,Happy Rogan,41,Female,2,6.56,9.26,6.26,1,0,1,0,0
216,Milena Bernardos,870,Female,3,9.91,8.04,6.28,0,1,1,0,0
217,Fabien O'Hengerty,653,Male,2,9.21,7.18,6.06,1,1,0,0,1
218,Verina Virgin,356,Female,4,6.84,8.66,9.32,0,0,1,0,1
219,Niven Donneely,203,Male,4,7.23,9.1,8.53,0,0,1,0,1
220,Giffard Klink,721,Male,4,7.11,8.08,8.94,1,0,1,1,0
221,Egor Scoffham,158,Male,3,8.85,6.92,6.07,0,1,0,1,0
222,Ferdie Jeste,74,Male,2,6.2,9.12,9.86,1,1,0,1,0
223,Beth Ovell,358,Female,3,6.66,8.1,9.19,0,1,0,0,1
224,Garth Ickovicz,225,Male,3,9.83,8.55,9.55,0,0,1,0,1
225,Gene Brownlee,599,Male,1,7.7,6.45,6.2,1,0,1,1,1
226,Bellanca Klehyn,331,Female,3,8.68,6.37,7.62,0,0,0,1,0
227,Daniela Taffie,663,Female,4,6.48,9.24,8.85,1,0,0,0,1
228,Flemming Bygrave,89,Male,3,9.57,8.88,7.91,0,1,1,0,1
229,Ina Griffitt,301,Female,2,7.06,9.68,9.85,1,1,1,0,0
230,Lavena Crimin,634,Female,2,7.41,9.06,9.84,1,0,0,0,0
231,Wilow Dottrell,425,Female,2,6.59,8.94,9.25,1,0,0,0,0
232,Berne Boneham,551,Male,1,7.96,7.7,8.14,1,1,1,0,0
233,Salomi Donner,578,Female,1,6.54,8.16,8.72,0,1,0,1,0
234,Terry Wainman,997,Male,3,8.02,9.72,6.52,1,0,0,0,0
235,Christine Chambers,982,Female,1,8.54,7.71,8.4,0,1,0,0,1
236,Aleen Gaenor,129,Female,1,9.08,8.55,8.37,0,1,1,0,0
237,Fionnula Ruprecht,205,Female,1,7.8,9.14,6.55,1,0,1,0,1
238,Carly Cayle,63,Male,2,7.14,9.03,6.18,1,0,1,0,1
239,Benjie Crosi,53,Male,1,6.68,8.78,9.59,0,0,0,0,1
240,Mathilda Odeson,536,Female,2,9.92,6.75,9.97,0,1,1,1,0
241,Jonas Lancley,476,Male,1,8.63,7.78,8.44,1,0,1,1,1
242,Tyrone Esmond,484,Male,1,9.56,6.14,7.33,0,0,1,0,0
243,Pate Miranda,443,Male,3,9.24,8.63,8.14,0,1,0,0,0
244,Tadeo Van der Merwe,5,Male,1,8.9,9.94,8.87,1,1,1,0,0
245,Betteanne Surgood,896,Female,1,6.58,6.54,7.37,0,0,0,1,0
246,Caprice Truckett,681,Female,2,9.25,9.93,8.24,1,0,1,1,1
247,Reilly Bowkett,80,Male,2,7.67,6.65,7.79,1,1,1,0,0
248,Haroun Ginnell,717,Male,2,9.51,7.71,7.5,1,1,0,0,0
249,Blinni Dietzler,938,Female,1,6.42,7.83,7.41,1,1,0,0,1
250,Shelbi Stratford,408,Female,3,7.81,9.52,7.25,1,1,1,0,0
251,Hadlee Atwood,319,Male,3,7.99,7.14,9.89,0,0,1,1,0
252,Ham Tother,887,Male,4,9.03,8.93,9.26,0,0,1,0,0
253,Thia Sellors,528,Female,2,8.84,9.58,8.19,1,0,0,0,0
254,Merrie Elders,593,Female,3,6.6,6.99,7.99,0,1,1,1,0
255,Pen Tiffany,954,Female,3,8.65,9.36,7.46,1,0,0,1,0
256,Murielle Brounfield,183,Female,1,7.07,9.11,8.91,0,0,1,0,1
257,Jerrold Hewlings,391,Male,4,9.63,6.97,7.32,1,0,0,1,0
258,Ichabod Holtum,858,Male,2,6.68,6.9,9.23,0,0,0,1,0
259,Ertha Bridgeman,29,Female,4,8.94,8.28,9.46,0,0,0,0,0
260,Venus Feathers,455,Female,3,8.01,8.54,8.16,0,0,1,1,1
261,Zarah Chiswell,287,Female,1,9.59,9.34,8.93,1,0,0,1,0
262,Grove Batey,314,Male,3,8.76,9.2,7.99,1,0,1,1,0
263,Gawain Rothermel,597,Male,4,6.13,9.08,6.29,0,1,0,1,1
264,Ranique Badsey,505,Female,3,8.38,7.75,7.94,1,1,0,0,1
265,Ag Gascone,920,Female,2,9.06,6.86,7.19,0,1,1,0,0
266,Cindy Simkovitz,961,Female,1,9.76,6.11,9.27,0,1,0,0,0
267,Winifred Perin,519,Female,4,7.95,7.47,6.45,1,1,0,1,0
268,Yevette Gue,99,Female,1,7.53,6.94,8.57,1,0,0,0,1
269,Maggee Mallon,443,Female,2,7.15,6.72,8.89,0,1,1,1,0
270,Jordana Tritten,659,Female,3,7.82,6.41,9.24,1,0,1,0,0
271,Kati Dorn,578,Female,4,7.84,9.99,9.45,0,0,0,0,0
272,Lezley Cordel,163,Male,3,8.05,6.11,9.55,0,0,0,0,0
273,Marlowe Baldack,413,Male,3,9.91,9.92,9.08,0,1,0,1,1
274,Willey Jeromson,511,Male,2,6.99,7.74,9.79,0,1,1,0,1
275,Jermayne Lejeune,676,Male,1,7.4,6.19,9.11,0,1,0,0,1
276,Alaster Tarbard,158,Male,4,7.64,8.2,9.99,1,1,0,1,0
277,Agustin Giovannini,574,Male,3,8.98,7.96,8.79,0,1,1,1,0
278,Desi Boorer,703,Male,2,9.31,8.24,9.62,1,0,1,1,1
279,Willdon Buxton,360,Male,4,8.9,8.54,9.07,0,1,0,1,1
280,Shayna Duddy,519,Female,4,7.89,9.73,9.38,0,1,0,0,0
281,Boone Bourbon,278,Male,3,9.58,8.91,6.55,0,1,1,1,0
282,Henry Simacek,198,Male,1,7.14,6.24,8.31,1,0,0,1,0
283,Lira Chark,154,Female,1,7.23,7.83,9.33,1,1,1,1,0
284,Elsy Giotto,415,Female,1,7.31,6.76,9.4,0,1,1,0,1
285,Johannes Dixie,616,Male,1,9.73,6.57,9.63,1,1,0,0,1
286,Nicolais Effemy,567,Male,4,8.46,8.94,8.38,0,0,1,0,0
287,Darice Cuffe,303,Female,1,8.89,8.17,6.05,1,0,0,1,1
288,Giraud Spire,96,Male,4,7.41,9.29,8.79,0,1,1,0,0
289,Paddy Bowgen,975,Male,2,6.09,7.79,6.44,0,0,1,1,0
290,Debee Karolowski,660,Female,3,7.07,6.3,6.13,1,1,0,1,0
291,Mannie Hamberstone,687,Male,1,9.03,6.9,8.78,1,1,0,0,1
292,Kory Pentony,773,Male,3,9.54,9.47,9.2,1,0,1,0,1
293,Chiquia Mandres,719,Female,3,9.62,6.38,8.2,1,0,1,1,0
294,Jacquenetta Attride,397,Female,1,7.94,8.49,8.45,1,0,1,1,1
295,Andrea Osboldstone,212,Male,3,6.13,9.08,6.77,0,1,1,1,0
296,Jewelle Sancho,648,Female,4,6.54,7.89,6.43,0,0,0,0,1
297,Tera Jellicorse,766,Female,1,7.24,9.18,9.98,1,1,0,0,1
298,Codi Stelljes,585,Male,4,9.77,7.09,7.16,1,1,1,1,0
299,Leonore Isles,462,Female,3,7.9,8.63,6.49,1,1,1,0,0
300,Olvan Rosenbush,718,Male,1,7.62,8.58,7.14,1,0,0,1,0
301,Dwight Alpe,318,Male,1,8.93,9.49,7.99,1,0,1,1,1
302,Osmund Cheater,944,Male,3,7.91,7.47,7.64,0,0,0,1,0
303,Lurline Aldcorn,47,Female,1,6.03,8.92,8.83,1,1,0,0,0
304,Siana Shimwall,131,Female,4,9.68,9.2,9.55,1,1,1,0,0
305,Karlie McCartney,517,Female,4,6.97,9.29,9.4,1,0,1,1,1
306,Sharity Baish,722,Female,2,7.71,8.61,9.39,1,1,0,1,0
307,Merry MacAirt,597,Male,2,8.21,8.1,9.47,0,0,1,1,0
308,Hugh Urien,576,Male,3,7.49,6.18,9.15,1,1,0,1,0
309,Noreen Lambin,134,Female,4,6.63,8.6,6.74,1,0,1,1,1
310,Richie Archley,957,Male,2,9.47,8.74,9.14,1,1,0,1,0
311,Kristoforo Grose,479,Male,4,9.83,7.42,8.95,0,0,1,1,0
312,Mickie Kightly,240,Male,2,8.11,6.26,6.35,1,1,1,0,0
313,Guntar Langtree,104,Male,3,9.27,6.69,9.15,0,0,1,0,1
314,Reube Loyndon,911,Male,4,6.82,7.76,8.8,0,1,0,1,1
315,Marcelline Easeman,103,Female,3,6.68,8.65,7.06,0,1,1,1,1
316,Audry Lightning,143,Female,2,8.84,9.69,6.74,1,0,1,0,0
317,Almira Sibyllina,309,Female,4,8.15,6,9.39,0,0,0,1,1
318,Nariko Danshin,720,Female,3,9.46,6.89,7.67,0,1,0,0,1
319,Nissa Iacomi,981,Female,1,6.97,6.02,9.47,1,0,1,0,1
320,Maddi Dik,190,Female,4,7.3,9.66,6.21,1,0,1,1,1
321,Toby Benner,979,Female,3,6.88,7.36,6.04,1,1,1,0,1
322,Stephi Dalgardno,282,Female,3,8.36,7.28,6.98,0,0,0,0,1
323,Kynthia Tran,575,Female,2,9.5,8.85,7.46,0,0,1,0,1
324,Elene Husset,235,Female,4,8.38,6.83,7.96,0,0,1,0,0
325,Sylas Serris,249,Male,4,8.24,9.63,7.05,1,1,0,0,1
326,Addie O'Heffernan,407,Male,1,6.52,9.93,9.29,0,0,0,0,0
327,Gale Coughtrey,854,Male,4,9.3,7.14,8.9,1,1,1,1,0
328,Gayle Hartil,500,Female,1,9.21,6.33,8.71,1,1,1,1,1
329,Katheryn Manktelow,481,Female,1,6.15,8.02,8.81,1,0,0,1,0
330,Ira Cutchey,365,Female,2,7.35,7.45,6.61,0,0,1,0,1
331,Roma Woollons,71,Male,3,7.75,7.73,8.59,0,1,0,1,0
332,Iosep Tither,221,Male,2,8.65,9.94,9.02,1,1,1,1,1
333,Carolan Rowly,909,Female,3,7.29,7.1,7.11,1,0,0,1,0
334,Gisele Rollason,807,Female,1,7.2,6.62,8.14,1,1,0,0,0
335,Genvieve Durran,476,Female,2,7.39,7.6,9.39,0,1,0,0,0
336,Craggy Etchell,264,Male,3,9.85,9.86,8.67,1,0,0,0,0
337,Diego Dickenson,546,Male,1,9.44,9.69,8.08,1,0,1,1,1
338,Alysia Stocker,627,Female,1,7.97,6.53,9.84,1,0,1,1,0
339,Alix Guinan,148,Male,2,7.14,9.51,7.44,0,0,0,1,1
340,Kym Carrivick,140,Female,1,6.64,7.82,8.38,0,1,1,1,1
341,Ranee Bramall,392,Female,4,6.26,6.2,6.28,1,1,0,0,0
342,Lianna Stealfox,287,Female,4,8.41,6.47,9.05,1,1,0,0,0
343,Jessa Wrighton,814,Female,3,6.37,9.59,6.21,0,1,1,1,0
344,Rab Williams,939,Male,2,6.27,9.05,9.6,0,1,1,0,1
345,Binny Lantaff,685,Female,1,6.72,6.51,6.15,0,1,1,1,0
346,Shannen Hamblyn,57,Female,1,9.93,6.66,8.49,1,1,0,1,1
347,Nannette Lokier,142,Female,1,9.37,7.04,9.13,0,1,1,0,1
348,Billie Muriel,772,Female,2,8.13,8.17,9.67,1,0,0,1,1
349,Consuelo Sweedland,92,Female,2,9.36,9.84,8.14,0,0,1,0,0
350,Tadeas Bye,779,Male,1,6.5,9.36,6.69,1,1,0,1,0
351,Ada Wastell,474,Female,3,6.53,6.51,6.72,0,1,0,1,0
352,Idette Blemings,80,Female,4,6.58,8.48,8.56,0,0,0,0,0
353,Thayne Parrot,598,Male,1,6.39,7.59,9.41,0,1,0,1,0
354,Florette Lefort,249,Female,2,8.84,6.04,7.74,1,1,0,1,1
355,Mick Harefoot,321,Male,1,6.14,7.8,6.08,1,0,0,1,1
356,Thekla Spaven,593,Female,2,8.89,9.43,7.43,1,1,0,1,0
357,Gabrila Ussher,689,Female,3,9.8,8.08,7.61,0,0,0,1,0
358,Alvinia Semper,680,Female,3,8.55,7.64,6.89,1,1,0,0,0
359,Clio Litster,125,Female,2,7.47,8.23,6.9,0,0,1,0,0
360,Kimbra Mc Caghan,94,Female,4,8.71,9,6.85,1,0,1,1,0
361,Lyman Fenny,806,Male,3,8.19,7.85,9.55,1,0,1,0,1
362,Lucita Form,257,Female,1,9.94,6.76,9.12,1,1,0,1,1
363,Buffy Adnams,401,Female,2,7.2,7.09,8.19,0,1,1,0,1
364,Monti McKeown,215,Male,3,8.21,9.74,9.28,0,1,0,0,1
365,Daphene Barnard,313,Female,4,8.16,9.19,9.96,0,0,1,1,0
366,Giorgi Tackle,761,Male,1,8.33,8.87,6.39,1,1,1,0,0
367,Duffy Ringwood,511,Male,4,7.43,6.76,7.78,1,0,0,0,1
368,Patrick Vaun,726,Male,4,9.87,7.39,6.45,1,0,0,0,1
369,Vannie McGinny,888,Female,3,8.46,6.58,8.57,1,1,0,0,1
370,Beatriz Torfin,855,Female,3,6.43,7.72,7.23,0,1,0,0,1
371,Angel Carbert,966,Male,4,6.69,7.17,6.12,1,0,0,1,1
372,Siward Wishart,431,Male,1,8.42,6.97,6.25,1,1,1,1,0
373,Morey Metschke,17,Male,4,9.78,7.99,7.45,1,0,1,0,1
374,Donovan Dally,763,Male,2,8.19,8.47,9.12,1,1,1,0,0
375,Dulciana Deveril,440,Female,3,7.04,9.26,6.29,0,1,1,0,0
376,Brandise Boyland,729,Female,1,7.82,8.79,6.51,1,1,0,1,1
377,Drona Hamill,298,Female,3,6.27,6.53,7.05,1,1,1,1,1
378,Torrance Sorsbie,646,Male,1,8.86,8.71,6.51,0,1,1,0,1
379,Alec Eden,263,Male,4,8.54,9.11,7.83,1,1,0,1,0
380,Manon Watt,330,Female,3,6.3,6.88,7.43,1,0,1,0,0
381,Anna Lemary,977,Female,4,6.79,7.83,6.82,0,1,1,1,1
382,Dean Mansford,109,Male,4,8.92,7.02,9.14,0,1,1,0,0
383,Gabrielle Ormiston,83,Female,3,6.25,6.72,9.11,0,0,0,1,0
384,Lilas Bernardini,674,Female,2,7.42,6.64,6.96,0,0,0,1,1
385,Andeee Huttley,848,Female,1,9.97,6.34,7.74,1,0,0,0,0
386,Felipe Wynes,157,Male,1,9.5,6.86,9.92,1,0,0,0,0
387,Tamra Menicomb,693,Female,3,7.5,8.63,7.21,1,0,0,0,0
388,Layney Coxhell,446,Female,3,8.41,8.33,7.14,0,0,1,0,1
389,Park Gallagher,940,Male,2,9.16,6.37,9.07,0,1,1,0,1
390,Lucien Feldon,844,Male,4,7.65,6.94,9.24,0,0,1,0,0
391,Maxie Adamthwaite,410,Male,3,8.5,9.84,9.23,0,0,0,1,0
392,Justine Rawlins,699,Female,1,7.95,8.67,9.46,0,1,1,0,0
393,Tori Greendale,495,Female,3,9.39,9.38,8.18,0,1,0,0,1
394,Hildagard Ismead,847,Female,2,8.43,6.49,8.19,1,0,0,0,1
395,Meta Birkin,590,Female,3,9.59,6.4,8.26,0,1,1,1,0
396,Revkah Tatershall,581,Female,3,6.86,9.64,7.14,0,1,0,1,0
397,Sim Frisby,20,Male,1,9.95,6.07,8.38,0,0,0,1,1
398,Conrad Baudoux,369,Male,3,6.16,6.54,6.4,0,0,1,0,1
399,Towny Cheverton,610,Male,3,7.1,7.05,7.12,0,1,0,0,0
400,Conny Ephson,99,Male,1,9.6,6.67,7.19,1,0,1,1,0
401,Sherlock Meiklejohn,653,Male,4,8.92,8.62,7.3,0,0,0,1,0
402,Nefen Hexham,419,Male,2,9.1,8.91,6.21,1,1,0,0,0
403,Kristoffer Alchin,857,Male,2,9.77,7.27,7.64,0,0,1,0,0
404,Cathleen Conn,422,Female,3,6.34,8.71,7.12,0,1,1,1,1
405,Christophorus McCudden,863,Male,3,8.14,7.85,7.11,1,0,1,1,1
406,Caterina Melding,441,Female,4,9.94,8.56,9.71,0,0,0,1,0
407,Enrique Swallow,684,Male,2,8.25,6.36,9.29,1,0,0,1,0
408,Clemmie Groome,824,Male,3,8.73,6.31,8.68,0,1,0,0,1
409,Stanly Chasmar,878,Male,3,7.87,9.3,9.84,0,0,0,1,0
410,Sophie Artrick,804,Female,2,7.67,8.62,7.86,1,1,1,0,0
411,Nehemiah Davidovich,564,Male,1,7.86,8.66,7.54,0,1,0,1,1
412,Hettie Greenham,985,Female,1,6.29,9.09,9.25,1,1,1,1,1
413,Jennette Lightwood,311,Female,4,7.44,8.18,6.97,1,1,1,1,0
414,Gabriello Trippick,673,Male,1,7.59,8.26,8.58,0,0,1,0,0
415,Athene Abdee,394,Female,2,9.36,6.07,7.68,0,1,1,0,1
416,Aleda Ortet,127,Female,3,9.59,8.05,8.07,0,0,0,1,0
417,Wolfie Madeley,229,Male,1,6.11,9.7,8.76,0,1,1,1,0
418,Davidson Davitashvili,660,Male,2,8.71,6.69,6.99,1,1,0,0,1
419,Elisabeth Mease,391,Female,2,9.95,7,7.15,0,1,1,1,0
420,Eolande Ioan,171,Female,3,6.11,9.73,9.72,1,1,0,0,0
421,Misha Aucoate,632,Female,1,6.85,6.72,7.62,0,0,0,1,0
422,Shurlocke Daniele,426,Male,3,9.63,9.09,9.23,0,0,0,1,0
423,Freemon Trudgeon,963,Male,4,9.16,7.99,8.98,0,0,1,0,0
424,Esma Wathen,399,Female,3,6.07,8.89,7.14,0,0,0,0,1
425,Chloris Stanbridge,856,Female,4,7.42,9.28,8.56,1,0,0,0,1
426,Heath Doughton,373,Male,3,6.72,8.36,8.77,0,0,0,0,0
427,Lauren Fleetwood,57,Female,2,8.26,9.67,6.64,1,1,1,0,1
428,Hyman Dailey,84,Male,1,6.94,6.42,7.99,0,1,0,0,1
429,Ashlie Church,25,Female,2,6.09,9.42,9.01,1,0,1,1,1
430,Kahlil Downing,722,Male,4,9.83,7.58,8.36,0,0,1,1,0
431,Phip Heims,885,Male,2,7,8.18,9.5,1,0,1,0,1
432,Minerva Osan,237,Female,4,7.07,8.6,7.24,1,0,0,0,1
433,Odell Wallace,485,Male,2,9.18,9.21,9.13,0,0,1,1,1
434,Meghann Packington,85,Female,3,6.52,7.51,9.4,1,1,1,1,0
435,Robinet Huygen,220,Male,3,9.78,8.66,8.58,0,0,0,1,0
436,Etienne Manthroppe,990,Male,1,9.83,8.21,9.93,0,0,1,1,1
437,Alva Clelle,375,Male,3,9.08,8.62,9.6,0,0,1,0,0
438,Zack Dorrington,834,Male,2,6.64,6.39,8.59,0,1,0,1,1
439,Dede Nisco,351,Female,4,9.4,7.15,9.44,1,0,1,0,1
440,Rose Shooter,478,Female,1,8.97,6.81,7.06,1,0,0,1,1
441,Hayden Culpin,902,Male,4,8.1,8.78,7.71,0,0,0,1,1
442,Cathi Andryunin,216,Female,3,6.25,9.37,6.51,1,0,1,1,0
443,Bobine Menichillo,869,Female,2,6.57,6.33,7.62,0,1,0,0,0
444,Chick Braidon,791,Male,4,7.41,6.9,9.88,1,0,1,1,1
445,Fleur Giabucci,917,Female,1,9.41,8.36,6.62,1,0,0,0,1
446,Marcelia Rook,902,Female,4,8.58,9.36,7.49,1,0,0,0,0
447,Mavis Basini-Gazzi,990,Female,2,9,9.94,6.37,0,1,0,0,1
448,Cyrill Blinde,124,Male,2,7.44,6.48,8.35,1,1,1,1,0
449,Merv Deftie,259,Male,1,6.92,6.69,8.97,0,1,0,0,1
450,Herby Coners,885,Male,3,9.42,6.88,6.6,0,0,0,1,0
451,Halli Illsley,527,Female,4,8.28,9.61,7.61,0,0,0,0,0
452,Sheff Faltin,179,Male,1,6.04,7.72,6.84,0,0,1,0,0
453,Maure Seson,279,Female,1,6.89,6.51,7.62,0,0,0,1,1
454,Brod Hewins,679,Male,1,9.69,8.16,8.28,0,0,0,0,0
455,Nicolas Grinnov,570,Male,4,9.38,9.01,9.96,1,1,0,0,0
456,Jareb Coultard,747,Male,3,7.29,9.61,8.01,0,1,0,1,1
457,Celeste Bursnell,234,Female,1,8.5,7.75,9.32,1,0,0,1,1
458,Perry Fearn,818,Female,1,8.81,7.96,9.56,0,0,0,0,0
459,Doyle McGaugey,505,Male,4,7.07,6.12,9.04,1,0,0,1,0
460,Ermin Gellett,116,Male,2,9.25,8.22,8.36,1,0,0,1,1
461,Ara Rennard,288,Male,2,7.18,8.53,6.55,1,1,0,1,1
462,Frayda Croall,684,Female,1,7.6,8.31,6.5,1,0,1,0,0
463,Lacie Garbett,51,Female,4,6.53,7.17,6.06,0,1,0,1,0
464,Egan Newberry,175,Male,1,7.65,6.36,7.22,0,1,0,1,0
465,Emalee Mattack,133,Female,2,9.99,6,6.57,0,0,1,0,0
466,Aridatha Netley,72,Female,4,9.97,7.07,9.37,0,1,0,1,1
467,Opal Seage,398,Female,1,8.07,6.32,9.07,1,1,1,1,0
468,Bob Goldhawk,681,Male,4,7.35,9.4,7.03,0,1,1,0,1
469,Diannne Monkleigh,203,Female,3,8.15,6.53,8.58,0,0,1,0,1
470,Lewiss Stockey,518,Male,4,8.39,7.51,8.9,1,0,0,0,0
471,Bel Butchart,682,Female,4,9.08,9.83,9.79,1,0,1,1,1
472,Cory Whittington,667,Male,1,6.53,8.26,9.24,0,1,0,1,1
473,Godwin Boyles,100,Male,4,7.45,8.4,6.65,1,1,1,1,1
474,Max Fernely,503,Male,4,9.38,6.86,8.55,1,1,0,0,1
475,Sharon Riglesford,578,Female,1,6.26,7.81,7.09,1,0,0,0,0
476,Junia Ledward,724,Female,1,7.76,7.29,7.18,1,1,1,0,1
477,Jermayne Bolden,975,Male,2,7.12,9.12,8.22,0,1,1,1,1
478,Milena Gann,77,Female,4,6.36,9.37,9.34,1,0,0,1,1
479,Hector Booton,398,Male,1,8.15,7.41,8.64,0,0,0,0,0
480,Solly Rickardes,479,Male,1,7.39,9.07,6.2,0,0,1,1,1
481,Sheba Chasen,341,Female,4,8.01,8.23,6.52,0,1,0,1,0
482,Selinda Ingall,419,Female,1,8.23,9.75,7.99,1,1,0,0,1
483,Mallory Obal,252,Female,4,6.85,7.25,9.5,1,0,1,0,0
484,Else Wilsher,398,Female,2,6.88,6.24,6.2,1,1,0,0,0
485,Micheal Hannay,184,Male,2,7.67,9.32,6.48,1,0,0,1,1
486,Lindsy Tasker,100,Female,2,6.85,9.88,9.98,0,1,0,1,0
487,Berkie Mariolle,383,Male,1,9.21,9.39,9.87,0,0,0,0,1
488,Emogene Berisford,213,Female,4,7.8,9.87,6.23,1,0,1,1,1
489,Hadleigh Brantl,791,Male,2,7.72,6.64,6.77,1,0,1,0,0
490,Andromache Rennock,228,Female,2,9.66,7.43,9.59,1,1,1,1,1
491,Roxine Pietruszewicz,392,Female,3,7.98,7.99,8.27,1,0,1,1,0
492,Melisenda Hellis,721,Female,3,8.67,9.42,7,0,0,1,0,1
493,Giustina Dictus,940,Female,1,8.24,6.81,7.95,0,1,0,1,1
494,Olia Eustis,370,Female,4,8.48,9.8,6.52,1,1,0,0,0
495,Katey Manach,114,Female,3,8.94,9.88,6.59,1,0,0,0,0
496,Dolli Levett,477,Female,3,6.58,9.43,6.45,0,1,1,1,1
497,Nathalia Castano,862,Female,3,6.83,9.05,9.93,1,1,1,1,0
498,Kerry Kerbler,748,Male,1,9.31,8.25,7.01,0,1,1,0,1
499,Ethyl Krzysztof,659,Female,3,7.66,9.66,9.85,0,1,0,1,0
500,Linus Rodriguez,401,Male,1,6.79,8.66,9.25,1,1,0,1,1
501,Rosmunda Whitney,713,Female,2,6.95,6.33,7.33,0,1,1,0,1
502,Alyse Stoggell,3,Female,2,9.44,7.04,8.99,1,0,0,0,0
503,Hilario Kubat,171,Male,4,8.79,8.06,8.09,0,1,1,0,0
504,Lev MacAnespie,282,Male,2,7.76,6.97,8.38,0,0,1,1,0
505,Justino Boness,429,Male,4,8.42,7.11,9.63,1,0,1,0,0
506,Stillman Kusick,398,Male,3,8.04,9.03,8.17,0,1,0,0,1
507,Dominique Pahlsson,47,Male,4,9.82,6.24,9.16,0,1,1,0,0
508,Faustina Whittock,802,Female,3,6.68,7.06,9.01,0,1,0,0,0
509,Orsa Milkins,809,Female,3,7.16,6.13,7.57,1,1,0,0,0
510,Fayina Packwood,744,Female,3,6.95,7.9,6.5,1,0,1,1,1
511,Nicolais Yablsley,333,Male,2,9.61,6.12,6.89,0,0,0,0,0
512,Desirae McGriffin,951,Female,1,6.8,9.64,9.03,1,1,0,1,1
513,Celestia Canny,735,Female,2,7.82,6.95,9.8,1,1,0,1,0
514,Wileen Widdowes,437,Female,2,9.07,9.53,6.56,1,1,1,0,1
515,Wilone Parry,198,Female,4,7.33,7.01,8.41,1,0,0,1,1
516,Malcolm Brazelton,590,Male,2,6.48,6.55,9.09,0,1,1,0,1
517,Nannie Kimbrough,705,Female,3,7.07,8.53,8.3,1,0,0,1,0
518,Saxon Bevar,723,Male,3,9.75,7.88,8.29,1,0,1,1,0
519,Nefen Fabbro,452,Male,3,7.39,8.72,6.93,0,0,1,1,1
520,Mauricio Spleving,534,Male,4,6.94,6.88,8.49,1,0,0,0,1
521,Lisette Aers,681,Female,3,6.68,6.96,6.2,0,0,0,0,0
522,Matty Millsom,994,Female,3,8.71,7.78,6.02,0,0,0,0,1
523,Dael Doiley,466,Female,3,7.21,8.96,7.3,0,1,0,0,0
524,Francisco Gallandre,159,Male,4,8.07,6.87,10,1,0,1,0,0
525,Roderick Camings,149,Male,1,8.68,6.16,8.58,1,0,1,0,0
526,Ondrea Rockhill,209,Female,3,9.94,8.19,7.84,1,0,1,1,1
527,Floyd Janjusevic,538,Male,1,9.07,7.08,6.63,1,0,0,1,0
528,Antonetta Monni,946,Female,1,9.31,6.16,7.91,1,1,1,1,1
529,Sonya Thornebarrow,350,Female,2,7.4,7.32,9.78,0,1,1,0,0
530,Romeo Uglow,131,Male,1,8.11,6.79,8.62,1,1,1,0,0
531,Nappy Hubery,574,Male,4,8.42,7.27,7.18,1,1,0,1,0
532,Tiphani Joderli,233,Female,3,6.62,8.83,9.81,1,1,1,0,1
533,Cathleen Cummins,164,Female,2,7.53,8.73,9.43,0,1,0,1,0
534,Jillana Maha,128,Female,2,6.42,8.63,8.96,1,0,1,0,0
535,Chicky Ayce,53,Male,2,8.01,8.07,7.74,1,1,0,0,0
536,Kristofor Renoden,649,Male,1,7.21,7.4,8.48,0,0,1,1,1
537,Dietrich Coatman,138,Male,1,6.52,7.36,7.51,1,1,0,0,0
538,Delinda Summerscales,540,Female,4,6.9,9.14,6.19,0,1,1,1,1
539,Vivianna Plumptre,596,Female,1,6.05,6.3,7.46,0,0,0,0,1
540,Adria Bywaters,129,Female,4,9.67,9.7,7.95,0,0,1,1,0
541,Dominic Pidler,436,Male,3,8.86,8.1,8.03,1,0,0,1,1
542,Anders Kilgannon,352,Male,2,8.15,9.11,6.53,0,0,1,1,1
543,Gilli Gebb,214,Female,2,6.7,7.23,9.31,0,1,0,1,1
544,Fifine Fenney,756,Female,1,8.22,9.47,6.64,1,1,1,0,0
545,Shelley Greenway,985,Female,1,8.92,7.12,9.15,0,1,0,0,0
546,Teri Fawcitt,707,Female,3,6.08,8.83,7.15,1,0,1,0,1
547,Gilly Instrell,470,Female,2,6.26,6.44,9.14,0,0,1,0,1
548,Gael Boteman,18,Male,4,8.85,9.91,9.28,0,1,1,0,0
549,Fayre Craine,1,Female,2,7.56,8.59,8.61,1,1,0,0,0
550,Annemarie Crinkley,640,Female,4,6.64,6.88,8.75,1,1,0,1,0
551,Gwyneth Blose,841,Female,4,7.03,6.32,7.94,0,1,1,0,0
552,Emmet Deftie,412,Male,1,8.85,7.18,9.89,1,0,1,0,1
553,Philomena Pelling,576,Female,2,8.25,6.68,7.41,0,0,0,0,1
554,Kele Rosendale,42,Male,2,6.59,7.31,6.12,0,1,0,0,1
555,Theodor Gwioneth,911,Male,1,6.89,6.06,8.62,0,0,1,1,1
556,Leupold Fairhurst,671,Male,4,7.13,7.23,8.42,0,1,1,1,0
557,Reed Derisley,921,Male,1,8.61,6.51,7.04,0,1,1,0,0
558,Allsun Shotter,160,Female,1,7.08,7.01,8.99,1,0,1,0,0
559,Jens Wolver,543,Male,4,8.28,8.76,7.83,1,1,0,1,0
560,Chrisse Jendrassik,328,Male,3,9.73,9.77,6.64,0,1,1,1,1
561,Thurston Huebner,995,Male,2,7.98,8.45,7.11,1,0,0,1,0
562,Ronna Hamill,195,Female,2,8,9.9,9.91,0,0,1,1,0
563,Dulcy Fasset,503,Female,4,8.36,7.83,9.77,1,1,1,1,1
564,Ham Salandino,121,Male,4,6.22,6.97,9.47,1,0,0,0,0
565,Tedie Cockshoot,602,Male,1,6.69,7.56,8.46,1,0,0,0,0
566,Eda Deverell,263,Female,3,8.29,8.83,6.75,1,0,0,1,0
567,Randolf Chilley,663,Male,1,8.43,7.61,8.77,0,0,1,1,0
568,Lory Pendre,471,Female,1,6.37,8.61,6.9,1,1,1,1,0
569,Patricio Skitterel,400,Male,1,7.93,7.47,6.12,1,0,0,1,0
570,Petronille Tuddall,991,Female,3,7.14,9.14,9.56,1,1,0,1,0
571,Kienan Herculeson,158,Male,3,9.48,8.76,9.62,1,1,1,1,1
572,Deirdre Quoit,334,Female,1,8.9,6.54,7.9,0,1,1,0,0
573,Tally Zollner,756,Female,1,9.1,8.45,6.81,1,0,0,0,1
574,Carri Mines,833,Female,2,9.76,8.63,6.84,1,0,1,1,1
575,Pattie Demcak,392,Female,4,6.03,6.54,7.11,1,1,1,1,0
576,Cherry Jahnke,121,Female,1,9.26,6.9,8.53,1,1,1,1,1
577,Antonius Blaes,559,Male,3,6.31,6.21,9.91,0,0,1,1,0
578,Rowland Penwell,367,Male,1,6.73,8.61,6.96,1,1,1,0,0
579,Josias Hauger,448,Male,1,7.98,6.5,6.01,0,0,1,0,0
580,Trumaine Mattinson,521,Male,2,6.37,9.77,7.53,1,1,0,0,1
581,Bobbee Dillon,751,Female,3,7.83,7.49,9,1,0,0,0,1
582,Aline Buntine,861,Female,1,7.46,6.71,6.85,1,1,1,0,0
583,Giraldo Shadfourth,696,Male,1,9.95,8.41,6.16,0,0,1,0,0
584,Kennett Crossgrove,248,Male,4,7.02,6.99,9.85,0,0,0,0,0
585,Judy Howie,153,Female,3,8.14,6.9,9.55,1,1,0,0,1
586,Elva Yaxley,537,Female,2,6.32,8.68,7.26,0,0,1,0,1
587,Adah Meiningen,576,Female,2,8.05,8.85,7.46,0,1,0,0,1
588,Jacenta Whickman,652,Female,2,7.07,6.08,6.34,1,1,0,1,1
589,Maudie Clews,52,Female,1,6.26,6.85,7.54,0,1,0,1,1
590,Casper Ronca,373,Male,4,9.23,9.28,9.95,1,1,0,0,1
591,Kirsten Tran,596,Female,4,7.94,6.19,8.3,0,0,1,1,1
592,Annmaria Eydel,226,Female,1,6.81,6.5,8.91,0,1,1,1,0
593,Simone Lacroux,941,Male,4,8.64,6.04,6.57,0,1,1,0,1
594,Bradney Kunert,921,Male,1,6.26,6.06,9.04,1,1,0,1,0
595,Brenda Belt,951,Female,4,8.97,9.97,6.61,1,1,1,1,1
596,Joshia Libermore,81,Male,2,9.87,9.87,6.74,1,1,1,0,0
597,Patrice Iacovazzi,692,Male,1,7.34,6.76,7.96,0,1,0,1,1
598,Sigrid Champain,22,Female,4,9.37,6.96,7.23,0,1,1,1,1
599,Othella Jachimczak,262,Female,2,8.57,9.13,7,1,1,1,0,0
600,Maurits Doe,876,Male,1,9.9,7.37,8.33,0,1,0,0,0
601,Clerc Mayworth,199,Male,3,9.64,7.57,7.13,0,1,1,1,1
602,Frederick Van Ross,193,Male,1,7.5,9.64,8.53,0,1,1,1,0
603,Veronica Huggin,668,Female,3,9.71,8.83,9.68,1,1,0,0,1
604,Tabitha Hewertson,387,Female,2,9.19,9.83,9.84,1,1,0,0,0
605,Marrilee Shurlock,812,Female,4,9.7,8.68,7.33,1,1,1,1,1
606,Ruben Corsham,952,Male,1,6.2,6.46,8.54,0,0,0,0,1
607,Waylan Ettels,243,Male,4,9.86,7.3,6.38,1,1,1,1,0
608,Fairleigh Aldington,883,Male,4,6.12,7.26,7.73,1,0,0,0,1
609,Dominic Burberry,683,Male,2,9.97,7.49,7.38,1,0,1,1,0
610,Silvanus Carratt,300,Male,3,8.04,8.41,6.85,0,0,0,0,0
611,Jobyna Gorham,344,Female,4,6.57,9.75,6.9,0,1,1,1,0
612,Antony MacKeogh,162,Male,3,7.02,9.95,9.11,0,1,0,0,0
613,Saunders Navarro,995,Male,1,8.09,8.66,7.39,1,1,1,0,1
614,Caddric Whotton,180,Male,2,7.84,8.88,7.22,0,1,0,0,1
615,Iolande Tumioto,404,Female,2,8.96,6.98,8,0,1,1,1,1
616,Rip Kobpac,279,Male,3,7.53,9.63,6.64,1,1,1,1,0
617,Ariana Chasier,505,Female,3,9.97,9.7,6.4,1,0,0,1,1
618,Marline Castagna,211,Female,1,9.92,9.39,6.38,1,0,0,1,0
619,Lanny Butten,739,Male,3,7.69,8.77,6.35,1,1,0,1,0
620,Horten Mulryan,675,Male,2,9.63,6.02,9.4,1,0,1,1,1
621,Jillie Huerta,96,Female,1,7.6,8.2,9.27,1,1,1,0,1
622,Cort Faucett,752,Male,1,8.1,7.72,9.05,0,1,1,0,0
623,Beryle McCrudden,14,Female,4,8.98,9.29,7.01,0,0,0,0,1
624,Bondie Izzett,54,Male,1,7.25,8.33,9.89,0,1,1,0,0
625,Roxy Bison,497,Female,2,7.8,9.01,7.2,1,0,0,1,1
626,Vlad Ragles,77,Male,1,7.63,8.55,7.06,1,0,0,0,1
627,Currie Guilder,904,Male,3,6.85,8.38,9.47,1,1,0,1,1
628,Shani Trazzi,601,Female,3,8.49,6.13,6.58,1,1,0,1,0
629,Bel Romero,896,Female,2,8.9,6.26,7.58,0,0,0,0,0
630,Berton Ronaghan,413,Male,4,7.23,9.89,9.28,1,0,1,1,0
631,Xenia Poxton,312,Female,2,9.87,9.54,9.1,1,0,0,0,1
632,Reuben Booij,442,Male,3,9.05,6.11,8.35,0,0,1,1,0
633,Morganne Beamish,99,Female,4,8.24,8.31,6.44,0,0,1,0,1
634,Patrica Deverall,87,Female,1,7.36,7.12,7.06,1,0,1,0,1
635,Roy Sango,792,Male,1,8.19,9.94,7.48,0,0,0,0,1
636,Jourdain Dutt,621,Male,4,6.52,8.71,9.48,1,0,0,0,1
637,Dominique Han,386,Female,4,8.69,6.04,9.01,1,1,0,0,0
638,Gaile Alltimes,81,Male,3,8.73,6.79,7.4,0,0,1,1,1
639,Joete Cawston,109,Female,2,7.06,8.98,7.32,0,0,1,0,0
640,Randene Wenden,462,Female,3,9.43,6.71,9.44,0,1,0,1,0
641,Fairfax Allmond,181,Male,1,8.61,7.14,7.44,1,1,0,0,1
642,Barnaby Anniwell,188,Male,2,6.87,7.57,9.78,1,1,1,1,1
643,Marie-jeanne Collis,186,Female,4,9,6.2,8.58,0,0,1,0,0
644,Pris Egdale,108,Female,2,9.34,7.06,6.5,0,1,0,0,1
645,Melisenda Burmaster,206,Female,4,7.21,6.64,6.67,0,1,0,0,0
646,Gordan Storry,942,Male,2,7.94,8.56,9.05,1,1,1,0,1
647,Hartley Pretty,389,Male,3,8.67,7.35,6.89,0,1,1,1,1
648,Wayland Wrighton,771,Male,1,6.78,7.73,6.68,1,1,1,0,0
649,Cami Butts,46,Female,4,7.35,8.07,7.14,1,1,1,0,0
650,Aubrette Scurfield,617,Female,4,9.93,6.24,6.24,0,0,1,1,1
651,Karlee Agron,949,Female,4,7.85,8.48,8.5,1,0,0,0,0
652,Alikee Yorath,528,Female,3,8.08,6.43,9.57,1,0,0,0,0
653,Lyn Mounch,70,Female,4,8.5,7.1,6.19,1,0,1,0,1
654,Janifer Wheway,694,Female,3,6.26,9.31,9.3,1,1,0,0,1
655,Marleah Gravener,499,Female,3,9.65,9.82,9.36,0,1,0,0,1
656,Brandon Kerrey,930,Male,2,8.94,8.88,8.01,1,0,0,0,0
657,Farrah Shellshear,664,Female,1,7.09,8.02,9.91,0,0,0,0,1
658,Marylou Itzkovwitch,616,Female,3,6.18,7.85,7.85,1,0,0,1,0
659,Nariko de Guerre,880,Female,3,6.71,7.7,8.85,1,0,0,1,1
660,Dudley Deverson,534,Male,1,7.66,6.13,8.72,1,1,1,1,0
661,Tyrus MacMenamin,451,Male,2,7.76,7.51,8.29,0,1,0,0,0
662,Dido Lavis,705,Female,1,6.24,9.07,7.62,0,1,1,1,1
663,Moritz Burnsell,385,Male,3,7.92,6.12,9.56,0,0,1,0,1
664,Booth Walklett,147,Male,4,7.21,8.85,7.63,0,1,1,1,1
665,Juana Hutchence,178,Female,4,8.49,7.01,9.43,1,0,0,1,1
666,Kaela Benoiton,8,Female,3,6.47,8.11,6.67,1,0,0,1,0
667,Levon Arntzen,887,Male,2,8.2,6.09,9.26,1,1,1,0,1
668,Garnette Capener,492,Female,1,9.75,8.67,7.07,1,0,1,0,1
669,Alethea Hellikes,340,Female,4,7.01,9.83,8.97,0,0,1,1,1
670,Neils Haddy,280,Male,1,9.56,9.11,9.25,1,0,0,1,1
671,Cathyleen Sewards,852,Female,3,9.51,9.21,8.04,1,0,0,1,1
672,Dodie Reavey,954,Female,3,9.74,7.57,6.83,1,1,1,1,1
673,Curran Walicki,229,Male,1,8.48,6.9,6.52,1,0,1,0,0
674,Stanley Nann,822,Male,3,7.43,6.25,8.64,0,1,1,1,0
675,Junie Abdey,923,Female,2,9.72,7,8.87,1,0,0,0,0
676,Maurise Raleston,866,Male,2,7.83,7.66,9.08,0,0,1,1,1
677,Bobbi Overel,436,Female,3,9.86,8.64,9.26,0,1,1,1,1
678,Flossi Rowbury,890,Female,3,9.9,9.2,9.71,1,0,0,0,1
679,Dotti Spreull,630,Female,1,7.17,9.14,8.83,1,0,0,1,0
680,Lynnelle Wheeliker,146,Female,1,7.55,6.1,9.35,1,1,1,0,0
681,Lilly Childes,896,Female,2,7.63,8.08,9.95,1,1,0,0,0
682,Robyn Ducastel,954,Female,1,7.88,8.53,8.53,1,1,1,1,1
683,Max Mattiussi,878,Male,1,7.41,7.61,7.27,1,0,1,1,1
684,Lewie Schechter,192,Male,2,9.95,9.19,9.67,0,1,1,1,0
685,Elnore Kuhl,746,Female,1,9.43,8.71,6.27,0,1,1,0,1
686,Ase Juszczak,278,Male,4,7.39,7.9,6.25,1,0,0,0,1
687,Holden Navarijo,35,Male,4,6.25,7.03,9.1,1,0,0,0,0
688,Heddi Falshaw,557,Female,4,7.58,9.6,6.71,0,1,1,0,1
689,James Linham,736,Male,1,7.85,8.48,6.62,1,0,1,0,1
690,Kelli Greson,938,Female,1,6.94,6.91,7.24,1,1,1,1,0
691,Ferrel Gallagher,147,Male,1,9.54,7.16,9.02,1,0,0,1,1
692,Anica Easter,670,Female,2,9.58,7.23,7.91,1,1,0,1,0
693,Garrik Phelipeau,700,Male,3,7.21,6.85,8.8,1,0,1,0,1
694,Keenan Killick,902,Male,3,6.85,6.03,8.1,0,1,0,1,1
695,Flory Woodson,606,Male,2,7.23,9.67,7.77,1,1,0,0,0
696,Amie Eyree,285,Female,3,9.22,7.03,7.17,1,0,0,0,0
697,Sigismund Collinge,714,Male,4,9.63,6.53,8.73,1,1,1,0,0
698,Geri Peiser,487,Female,3,6.46,9.06,7.96,0,1,1,1,1
699,Lari Headey,395,Female,2,6.73,8.22,7.01,0,1,0,0,0
700,Norton Pyecroft,75,Male,2,6.42,6.6,8.05,1,1,1,1,0
701,Welch Mynett,28,Male,3,8.2,6.67,9.23,1,1,1,0,1
702,Catharina Knevit,927,Female,2,6.51,7.57,8.61,0,0,0,0,1
703,Grannie Moulster,844,Male,4,8.33,6.71,9.7,0,1,0,1,0
704,Jeremie Webley,785,Male,2,8.28,6.76,7.14,1,0,1,0,1
705,Clarance O'Heaney,904,Male,1,8.6,8.51,6.54,1,1,0,0,0
706,Inna Powter,688,Female,1,9.58,9.53,7.01,1,1,0,1,0
707,Cristal Chishull,594,Female,3,8.92,9.74,7.67,1,1,1,1,1
708,Deck Bendell,382,Male,2,6.03,7.04,9.01,1,0,1,0,1
709,Geordie Muddiman,63,Male,4,8.53,7.42,6.75,1,1,0,1,1
710,Anthea Shivlin,923,Female,4,7.87,8.63,9.67,1,0,0,0,1
711,Jae Ponceford,809,Male,3,7.43,8.18,6.48,0,0,0,1,1
712,Faythe McTurley,775,Female,1,9.04,9.71,8.43,0,1,1,1,1
713,Hedwig Jahner,818,Female,4,8.33,9.24,8.67,1,0,0,0,0
714,Jethro Fellnee,515,Male,1,7.32,6.87,9.2,1,1,0,0,0
715,Alys Guerri,994,Female,3,8.63,7.72,6.47,1,1,1,0,1
716,Kincaid Gerault,554,Male,1,6.73,8.37,9,0,1,0,0,1
717,Bonita Lodemann,98,Female,1,7.86,7,6.58,0,0,0,1,1
718,Kathi Maty,482,Female,2,6.74,6.22,8.92,0,1,1,0,1
719,Haslett Vannozzii,338,Male,4,8.34,6.52,7.38,1,0,1,1,1
720,Gretchen Nickless,731,Female,1,7.75,7,6.96,0,0,1,0,1
721,Valentine Vannikov,735,Male,2,6.11,9.43,7.12,0,1,1,1,1
722,Madelin Sperling,211,Female,2,9.64,7.24,9.26,0,0,1,0,0
723,Kareem Ripsher,139,Male,4,8.78,6.02,8.58,1,1,0,0,0
724,Tamar Sutherland,616,Female,3,6.1,8.55,8.55,0,0,0,1,0
725,Hodge Confait,728,Male,3,8.59,9.35,8.88,1,0,1,1,0
726,Jorey Tayloe,1,Female,4,9.92,9.55,9.66,0,1,1,1,1
727,Karola McGeown,978,Female,3,8.03,8.03,6.88,0,1,1,0,1
728,Randolph Winchcombe,167,Male,1,8.68,8.33,7.09,1,0,1,0,0
729,Chrissy Beauman,572,Male,4,7.1,6.46,9.58,1,0,0,1,0
730,Crista Costa,301,Female,1,6.25,8.35,6.64,0,1,1,0,0
731,Cleve McGiffie,185,Male,1,9.13,8.84,6.25,1,0,1,1,0
732,Chane Pristnor,878,Male,3,8.18,9.45,7.39,1,1,1,0,0
733,Horatia Karlsson,540,Female,4,8.34,8.49,6.58,1,1,1,1,0
734,Colman Eick,91,Male,2,7.58,6.45,6.84,1,0,1,1,0
735,Odette Bamford,855,Female,2,9.83,9.62,8.74,0,1,0,0,1
736,Patty Gosforth,609,Female,1,9.78,6,8.49,0,0,0,0,0
737,Zara Pratton,494,Female,2,8.01,8.37,9.51,0,1,1,1,1
738,Gill Fellos,594,Male,1,6.42,8.55,9.66,1,1,1,1,1
739,Pen Ferandez,926,Female,1,8.59,6.85,7.79,1,0,1,1,0
740,Bartram Mufford,679,Male,3,8.42,8.96,9.94,0,0,0,0,0
741,Franny Fawcus,354,Female,1,8.09,9.41,9.67,1,0,1,0,1
742,Vevay Buddle,914,Female,1,8.58,7.82,6.54,1,0,1,0,1
743,Myranda Backe,123,Female,3,9.89,7.65,9.44,0,1,1,1,0
744,Morrie Petre,666,Male,3,7.19,7.43,7.69,1,1,1,0,0
745,Hakeem Bruhn,217,Male,4,6.08,8.46,9.25,1,0,0,1,0
746,Clifford Matzl,30,Male,2,9.71,7.65,8.13,1,1,0,1,0
747,Law Dymott,669,Male,3,9.66,8.29,8.09,0,1,0,1,1
748,Kevin Farnall,137,Male,3,9.87,8.15,6.68,1,1,0,1,1
749,Nadya Sisnett,71,Female,2,7.36,9.33,7.62,0,1,1,1,1
750,Angeli Hosier,800,Male,3,6.88,8.64,7.03,1,1,1,1,1
751,Nehemiah Keymar,219,Male,4,8.01,6.74,6.04,0,1,1,1,1
752,Abbie Zum Felde,438,Female,1,9.74,6.55,8.8,0,0,1,0,1
753,Lucia di Rocca,679,Female,2,8.17,8.8,6.91,0,0,1,1,0
754,Minor Tricker,275,Male,2,9.25,6,7.03,1,1,0,0,0
755,Marlee Nix,467,Female,2,8.39,9.24,9.32,0,1,1,0,0
756,Conrado Bulcock,610,Male,2,9.5,8.22,8.91,1,0,0,1,1
757,Margot Thorneley,384,Female,2,8.6,9.43,6.57,0,1,0,0,0
758,Franciska De Winton,668,Female,1,8.86,7.5,8.79,1,1,1,0,1
759,Benedikta Strode,928,Female,1,9.64,9.48,9.47,0,0,0,1,1
760,Maison Ravelus,120,Male,1,6.25,9.92,9.3,1,0,1,0,0
761,Reece Overton,266,Male,2,6.31,9.01,8.68,1,1,0,1,1
762,Loy Eyes,902,Male,3,9.84,8.44,6.36,0,0,1,0,1
763,Pauly Caurah,377,Female,2,8,7.63,9.94,1,0,1,1,0
764,Yanaton Kitter,642,Male,3,7.32,6.63,9.36,1,0,0,0,0
765,Mic Jacquemot,570,Male,4,7.21,6.29,7.85,0,0,1,0,0
766,Alfonse Alday,503,Male,3,9.28,9.89,7.11,1,1,1,1,1
767,Karlotta Jefferd,522,Female,3,6.95,7.32,9.69,1,0,1,1,1
768,Ode Guerola,829,Male,3,9.65,6.02,6.76,1,0,0,1,1
769,Andres Gaither,664,Male,2,9.97,8.56,8.97,0,1,0,1,0
770,Ardine Allone,573,Female,4,7.61,9.54,6.09,1,1,1,1,1
771,Erin Pykett,564,Male,4,8.18,9.16,8.61,1,1,1,1,1
772,Fidelia Haskur,510,Female,3,7.34,9.27,7.69,0,0,1,1,1
773,Evangelia Hamberstone,75,Female,3,9.82,9.15,8.3,1,1,1,0,0
774,Frazer Cescon,491,Male,3,8.74,8.67,9.05,0,0,1,1,0
775,Cesaro Comino,46,Male,2,8.9,9.65,9.44,0,1,1,0,1
776,Warde Tiffany,414,Male,4,7.93,9.56,8.31,0,0,1,0,0
777,Valerye Camerello,618,Female,1,8.12,9.91,6.13,1,0,0,1,0
778,Storm Kensington,748,Female,2,8.11,7.51,7.81,1,0,0,1,1
779,Celina Bradfield,829,Female,2,7.23,7.78,9.54,1,1,1,1,0
780,Shanon Bembridge,190,Female,2,7.52,8.81,9.31,0,1,0,0,0
781,Trueman Nourse,573,Male,1,9.66,8.53,7.74,0,0,1,1,1
782,Ethelbert Holdron,910,Male,3,9.29,9,9.71,0,0,1,1,1
783,Orin Mawby,467,Male,1,7.23,9.38,9.75,1,0,0,0,1
784,Jarrett St. Leger,981,Male,1,7.94,7.27,7.64,1,1,0,1,1
785,Giulia Calvie,439,Female,1,8.68,9.13,8.67,1,0,0,1,1
786,Austine Duncklee,982,Female,4,7.04,7.12,8.04,0,0,1,0,1
787,Currie Minkin,688,Male,3,9.58,9.55,9.84,1,0,1,1,0
788,Faye Sparwell,214,Female,3,8.18,8.37,9.48,0,0,0,1,0
789,Carie Stoyell,538,Female,4,9.66,9.97,9.93,0,1,1,0,0
790,Bryant Pipworth,430,Male,1,8.23,7.22,7.52,0,1,0,1,0
791,Ade Hazeldene,312,Male,3,9.75,8.42,6.04,1,1,0,0,0
792,Abram Crannis,501,Male,1,7.13,9.66,8.5,1,0,0,0,0
793,Josiah Kneale,584,Male,3,6.46,7.05,7,0,0,0,0,1
794,Freeland Mardell,126,Male,3,8.53,9.75,6.45,0,1,1,1,1
795,Thaine Willett,702,Male,1,6.89,8.52,9.27,1,0,1,0,0
796,Woody Gorini,174,Male,2,9.29,7.38,9.62,0,1,1,1,0
797,Morie Gonnet,631,Male,1,8.53,6.97,9.35,1,0,1,1,1
798,Anatol Georgel,64,Male,3,8.37,6.69,9.06,0,0,0,1,0
799,Rex Braunston,864,Male,3,8.15,7.61,8.96,0,1,0,0,1
800,Emile Snel,581,Male,1,7.37,8.53,7.98,1,1,0,0,0
801,Kayle Rickards,901,Female,3,7.91,8.63,6.68,1,0,0,1,1
802,Cornelius Swindells,431,Male,2,9.57,9.45,7.25,1,1,0,1,0
803,Rochella Curthoys,878,Female,4,6.84,7.82,8.85,1,0,0,1,1
804,Pauletta Hardin,524,Female,2,9.33,6.33,9.96,0,0,1,0,1
805,Emylee Whitwham,226,Female,4,7.68,6.16,8.19,1,0,1,1,1
806,Rachael Alfwy,470,Female,4,8.26,9.92,8.27,0,1,1,1,0
807,Britt Sonschein,916,Male,1,7.63,7.37,8.73,0,1,0,0,0
808,Sisile Petre,416,Female,2,9.41,7.63,7.05,0,0,0,1,1
809,Archer Maginot,812,Male,2,6.14,7.69,6.92,1,0,1,1,1
810,Gilligan Wyleman,165,Female,2,6.48,9.24,9.98,1,1,1,1,0
811,Pia Meeking,663,Female,4,6.21,9.56,8.75,0,1,1,1,1
812,Marlow Bestwerthick,359,Male,1,9.95,8.23,9.13,0,1,1,0,0
813,Mirilla Gerardot,188,Female,1,7.57,7.73,8.5,1,1,1,1,0
814,Alfonso Fewell,260,Male,4,8.36,7.79,7.17,0,0,1,1,0
815,Mersey Hysom,272,Female,4,9.48,8.24,7.08,0,0,0,1,1
816,Elfrieda Saing,560,Female,3,8.12,7.34,8.54,0,1,0,0,0
817,Jennie Sproat,865,Female,3,7.86,8.97,9.67,0,1,1,0,0
818,Nora MacCartney,432,Female,3,8.93,9.55,6.31,1,1,1,0,1
819,Ky Riehm,743,Male,2,7.84,6.63,6.89,0,0,1,1,1
820,Samuele Allonby,960,Male,4,9.77,7.95,6.05,0,1,1,0,1
821,Shellie Vautrey,275,Female,1,7.87,7.18,9.84,1,1,1,0,1
822,Tremaine Finnemore,732,Male,4,8.93,8.51,9.46,1,0,1,1,0
823,Irena Marcone,220,Female,2,6.11,9.37,6.03,0,0,1,1,1
824,Shelley Suche,958,Male,2,7.3,7.04,6.02,0,0,0,1,0
825,Chev Huntley,432,Male,3,9.72,6.14,8.23,0,1,0,1,0
826,Fancie Gayle,913,Female,2,9.79,8.34,7.29,1,0,1,0,0
827,Dode Ferraron,300,Female,3,8.75,6.2,6.41,1,1,0,1,0
828,Anstice Nellis,791,Female,3,9.84,9.51,8.09,0,1,1,1,1
829,Haley Pedron,805,Female,4,6.46,8.65,7.51,1,0,0,1,0
830,Elsworth Tirte,833,Male,2,7.08,8.46,6.3,0,1,1,0,1
831,Jenine Seleway,679,Female,1,9.17,7.99,9.86,0,0,0,1,1
832,Briano Wycliff,843,Male,4,6.1,8.18,8.28,0,0,0,1,1
833,Pyotr Sibley,66,Male,4,7.39,7.11,7.79,1,0,0,1,0
834,Ricky Kingswoode,515,Male,4,9.8,6.76,8.82,0,1,1,1,0
835,Darbie Peperell,740,Female,4,7.34,7.91,7.42,1,0,0,1,0
836,Torry Hinstock,530,Male,4,6.46,8.53,7.37,0,0,0,0,0
837,Cher Demann,291,Female,1,7.67,9.43,7.63,0,0,0,0,0
838,Sascha Smees,49,Female,2,9.76,9.93,9.74,0,0,1,0,0
839,Byrom Scupham,306,Male,3,9.66,6.95,9.33,1,1,1,0,0
840,Jay Maliphant,288,Male,2,9.07,6,7.02,1,1,0,0,0
841,Major Graben,75,Male,3,9.21,9.84,7.19,1,0,1,0,0
842,Ricki Matitiaho,312,Female,2,8.05,7.27,9.04,0,0,0,0,1
843,Ilene Muffitt,734,Female,1,7.41,9.39,9.67,0,0,0,0,0
844,Hoyt Sendley,764,Male,4,9.67,6.62,9.63,0,0,0,0,0
845,Gregoor Mahoney,529,Male,4,9.42,9.58,9.92,0,1,0,0,0
846,Julie Hemphrey,422,Female,2,8.65,6.88,8.21,1,0,1,0,1
847,Angelia Chelsom,98,Female,4,9.68,8.79,9.29,1,1,0,0,0
848,Rowe Leban,676,Female,1,6.53,7.41,7.46,0,0,0,0,0
849,Katrinka Gricewood,401,Female,2,7.22,6.79,7.59,0,1,1,1,1
850,Cassi Menichi,938,Female,4,6.33,8.24,7.21,0,0,1,1,1
851,Fayth Dosdill,174,Female,4,8.33,8.14,8.88,0,0,1,1,1
852,Mareah Savins,184,Female,2,8.74,8.36,6.81,0,0,1,0,0
853,Glenda Valero,140,Female,4,7.91,9.21,8.24,1,0,1,0,1
854,Wes Ramsbottom,435,Male,2,6.66,9.85,6.77,0,0,1,0,1
855,Amalea Antcliffe,709,Female,3,8.01,7.2,7.27,1,0,0,1,1
856,Ailbert Holdforth,841,Male,3,7.86,7.02,6.27,0,0,1,0,0
857,Tymon Uc,242,Male,4,7.55,9.43,7.28,0,1,1,0,1
858,Karney Abramcik,946,Male,1,8.45,6.16,7.94,1,1,1,1,1
859,Moyna Smy,545,Female,2,8.93,8.11,9.67,1,1,0,0,1
860,Jehanna Edington,432,Female,1,6.79,6.42,8.57,1,1,1,1,0
861,Sadella Gilogly,628,Female,2,7.67,7.34,7.93,0,1,0,1,0
862,Catriona Cully,974,Female,2,8.91,7.19,9.26,0,1,0,1,1
863,King Girodias,499,Male,4,9.2,7.7,9.85,1,0,0,0,0
864,Bobbee Robecon,256,Female,1,7.18,7.82,9.85,0,0,1,0,0
865,Berty Kyngdon,795,Male,2,7.61,6.66,8.56,0,1,1,0,0
866,Nanete Spiniello,602,Female,2,6.82,9.2,9.22,1,0,0,0,0
867,Inga Henri,293,Female,2,6.67,8.88,8.06,1,1,0,1,0
868,Justina Corten,379,Female,3,6.09,6.43,8.31,0,1,1,0,1
869,Rosalinda Cutten,261,Female,4,7.43,8.26,6.91,0,1,0,1,0
870,Andre Conwell,767,Male,2,6.63,9.22,8.38,0,1,0,1,0
871,Flem Sewart,827,Male,3,7.56,8.93,9.89,1,0,1,0,0
872,West Fassum,881,Male,3,8.81,7.36,6.85,1,0,1,0,1
873,Shandee Jobey,752,Female,2,8.95,6.2,6.05,1,1,1,0,1
874,Boyd Fauning,882,Male,2,8.91,9.17,8.25,1,0,1,1,1
875,Nancy Cresser,649,Female,2,6.94,9.48,9.11,0,1,1,0,1
876,Enoch Housen,998,Male,2,6.62,8.09,7.34,1,0,0,1,1
877,Cornall Nottram,723,Male,1,9.22,6.92,8.7,0,1,1,0,0
878,Kelci Burkitt,316,Female,1,7.83,8.65,6.45,1,0,1,0,0
879,Drusilla Solano,616,Female,1,6.66,8.67,6.61,1,1,0,0,0
880,Annie Akerman,469,Female,1,6.53,9.16,8.41,0,0,1,0,0
881,Lisa Ashard,40,Female,1,6.15,9.07,6.17,1,0,0,1,1
882,Malachi Abbet,280,Male,3,8.4,6.83,9.19,1,1,0,1,0
883,Amery Giacobo,828,Male,1,9.01,8.41,9.14,1,0,1,1,1
884,Albie Davie,578,Male,4,8.78,9.2,7.8,1,0,1,1,0
885,Adrianna Pickersgill,330,Female,1,9.41,7.31,6.36,0,0,1,1,0
886,Bern Dyte,140,Male,2,6.05,6.97,7.15,1,0,0,0,1
887,Frederique MacColm,113,Female,3,8.7,9.67,8.51,1,1,0,0,0
888,Valli Schoenleiter,997,Female,3,9,7.74,9.43,0,1,0,0,1
889,Tuckie Siddell,139,Male,2,9.16,6.64,6.48,1,0,1,1,0
890,Boy Crayton,631,Male,2,6.96,6.83,8.77,1,0,1,0,1
891,Fawn Winn,861,Female,1,7.69,8.21,7.94,1,0,0,0,1
892,Reggy Petricek,892,Male,4,8.04,7.36,6.18,1,1,1,0,0
893,Isak Rostern,703,Male,4,9.46,9.96,6.76,1,0,1,0,1
894,Finley Noseworthy,742,Male,4,8.47,9.93,6.11,0,1,1,1,0
895,Vassily Mottini,431,Male,3,7.42,9.66,9.32,0,1,0,0,1
896,Lynna Ingerith,198,Female,4,8.69,9.07,9.14,0,1,0,1,1
897,Grenville Andrin,111,Male,1,6.17,7.15,8.9,1,0,1,0,0
898,Antoine Filipychev,439,Male,3,9.88,7.66,8.57,1,0,0,0,0
899,Charlton Reinbeck,23,Male,3,9.44,9.84,7.89,1,1,0,0,0
900,Hazel Duligall,524,Male,1,7.93,8.21,7.56,0,1,1,1,0
901,Brittan Maitland,652,Female,2,6.63,7.74,9.85,0,0,0,0,0
902,Gerald Caberas,62,Male,4,6.62,9.77,8.97,0,0,1,1,1
903,Beverlee Eary,513,Female,2,9.14,7.05,9.05,0,1,1,1,0
904,Tobit Kohnen,111,Male,1,9.43,9.57,8.17,0,1,0,1,1
905,Milicent Sansam,421,Female,2,7.54,8.43,6.78,1,1,1,1,0
906,Thacher Schonfeld,498,Male,3,9.81,9.65,9.32,0,1,1,1,1
907,Mireielle Abelovitz,332,Female,2,8.39,8.16,9.4,0,0,0,0,0
908,Wilmar Impleton,691,Male,2,9.75,8.77,8.91,0,0,1,1,1
909,Crissy Sivior,640,Female,4,7.96,8.77,6.04,1,1,1,0,0
910,Bethina Whicher,623,Female,4,7.64,6.48,8.66,0,0,1,1,0
911,Godfry Markie,360,Male,1,7.36,8.65,7.25,1,0,0,1,1
912,Bridgette Hattoe,315,Female,1,9.89,7.43,8.56,0,1,0,1,0
913,Giffard Teodoro,166,Male,4,8.55,9.94,8.75,0,1,1,1,0
914,Kara Hanne,935,Female,2,7.89,7.12,8.83,1,1,0,0,1
915,Maurita Derill,99,Female,3,6.24,8.45,8.96,1,1,1,0,1
916,Ewen Bretton,765,Male,3,9.09,8.31,7.54,1,0,0,1,0
917,Maisey Boswell,698,Female,1,7.27,6.68,6.62,0,1,1,0,0
918,Roberto Bentje,530,Male,1,7.64,8.55,7.82,0,0,0,1,0
919,Pate MacConneely,520,Male,1,8.8,7.4,7.14,1,1,0,0,0
920,Fremont Clethro,976,Male,3,8.7,9.77,8.12,1,0,0,1,0
921,Thoma Passman,629,Male,1,9.8,9.71,7.18,1,0,0,1,1
922,Merci Puncher,514,Female,2,9.86,8.05,8.34,0,0,1,1,0
923,Merle Scandrite,989,Female,1,7.39,6.38,6.14,1,0,1,0,1
924,Danella Bollam,180,Female,4,8.97,6.16,9.79,1,0,1,1,0
925,Zulema Rainer,1,Female,4,8.48,7.26,9.72,1,0,0,1,0
926,Ddene Corssen,17,Female,3,8.52,8.01,7.07,1,0,0,0,1
927,Fonsie Cricket,826,Male,1,6.43,9.38,8.37,0,0,0,1,0
928,Benedetto Cardnell,810,Male,2,9.28,7.6,8.51,1,0,0,1,1
929,Yorgo Torri,513,Male,4,7.34,6.1,6.12,1,0,0,0,1
930,Kalli Gounot,833,Female,3,9.27,7.33,7.88,0,0,0,0,1
931,Evangelina Pottell,656,Female,3,6.11,7.39,7.06,1,0,1,1,1
932,Tallie Giron,110,Male,2,7.19,9.17,8.99,1,0,1,0,0
933,Jeni Geffen,502,Female,3,8.85,6.01,7.71,1,1,0,0,0
934,Amery Rucklidge,967,Male,1,6.33,7.35,6.12,0,0,0,1,1
935,Ansel Trammel,774,Male,4,9.77,7.76,7.33,0,1,1,1,1
936,Olva Tunsley,218,Female,2,8.16,9.66,6.15,1,1,1,1,1
937,Bartholomew Canelas,311,Male,3,9.61,8.25,7.2,0,0,0,1,1
938,Codi Dannel,6,Female,2,8.44,7.69,6.54,1,1,1,0,1
939,Garek Davern,27,Male,4,7.17,9.91,7.82,1,1,0,1,1
940,Fabio Kilbey,390,Male,4,8.77,8.28,7.98,0,1,0,0,1
941,Miner O'Dennehy,299,Male,2,7.44,9.52,9.37,0,0,1,0,0
942,Avrom Rive,661,Male,2,7.56,9.92,8.45,0,0,0,1,1
943,Ashlie Mepsted,988,Female,3,9.75,6.25,7.67,1,0,1,0,1
944,Stanton Farrer,340,Male,4,7.02,8.94,7.27,0,1,0,0,0
945,Clemmy Kalaher,926,Male,3,8.22,8.25,8.19,0,1,0,0,1
946,Andriana Gingold,876,Female,4,8.41,9.12,8.77,0,0,1,0,1
947,Krisha Nussii,930,Male,3,8.5,6.71,8.09,0,1,1,1,1
948,Royal Broggio,901,Male,3,9.28,7.15,7.51,1,1,0,0,0
949,Decca Ondrousek,229,Male,1,7.22,7.51,8.16,1,1,1,0,0
950,Tawnya Firidolfi,11,Female,2,7.31,6.66,8.87,0,1,1,1,0
951,Nike Fairbrother,866,Female,2,9.83,6.73,8.02,0,1,1,1,0
952,Rich Calton,813,Male,2,8.27,7.41,7.72,1,0,1,1,1
953,Flss Murney,716,Female,1,8.86,7.43,6.43,1,1,0,0,1
954,Berkly Frank,782,Male,3,8.45,6.99,9.14,0,0,1,1,1
955,Garv Gymlett,137,Male,3,7.09,9.31,8.82,0,0,0,0,1
956,Fredi Lurner,828,Female,1,8.94,7.01,9.81,0,1,0,1,1
957,Merilee McCleod,239,Female,3,6.83,9.14,6.44,1,0,1,1,0
958,Dorian Stiller,195,Female,3,7.33,7.39,6.94,1,0,0,1,0
959,Gerick Ainger,465,Male,1,8.73,7.39,6.71,1,0,0,0,0
960,Roberto Rablan,221,Male,1,9.47,6.28,7.25,0,0,1,0,0
961,Hadleigh Aulds,365,Male,2,7.41,6.71,7.41,1,0,0,1,1
962,Lotte Quenell,769,Female,2,9.67,8.22,8.54,1,0,1,0,0
963,Bride Riley,828,Female,4,6.03,7.79,8.42,1,0,0,0,1
964,Helen-elizabeth Ferrarello,5,Female,2,7.76,9.01,9.82,1,1,1,1,1
965,Wolfie Hallward,985,Male,3,7.68,9.91,6.65,0,0,1,0,0
966,Denise Newport,269,Female,4,7.85,8.18,8.5,1,0,1,0,0
967,Gallard Jennery,380,Male,2,9.14,7.6,9.25,0,1,1,1,1
968,Hanna Mc Elory,575,Female,2,9.75,8.26,9.7,0,0,0,1,1
969,Augy Kirwood,642,Male,3,6.55,9.51,8.98,1,0,1,0,1
970,Garrick Blanch,313,Male,4,7.72,7.55,6.53,0,1,0,0,0
971,Scotty Brockett,457,Male,2,7.69,6.48,6.38,0,1,1,0,0
972,La verne Cud,692,Female,1,7.38,6.84,9.33,1,1,0,1,0
973,Skye Falks,274,Male,3,9.12,8.59,6.28,1,0,1,1,1
974,Joanna Wilfing,812,Female,2,8.63,6.48,8.61,0,0,0,0,0
975,Manda Wingate,992,Female,1,7.68,6.17,9.25,1,0,1,0,1
976,Ingelbert Emett,415,Male,4,9.7,6.92,9.05,1,0,1,0,1
977,Tarah Hartas,785,Female,2,9.75,6.89,8.96,1,1,0,0,1
978,Tim Sket,28,Female,3,8.87,9.9,9.78,1,1,1,1,1
979,Brittne Boutwell,558,Female,4,7.9,6.55,9.06,1,0,1,0,0
980,Joshia Wathey,544,Male,4,6.75,6.53,9.52,0,0,0,1,0
981,Timmy Brayley,315,Female,4,6.27,6.07,6.62,0,0,0,1,0
982,Noell Muckley,172,Female,4,9.61,9.31,9.49,0,0,1,0,0
983,Nerti Gillam,849,Female,2,8.4,9.39,9.7,1,0,0,0,1
984,Rachael Carson,517,Female,3,6.86,6.83,8.07,0,0,0,1,0
985,Elvina Herculeson,21,Female,3,7.31,6.94,6.79,0,1,0,0,0
986,Ennis Cockerton,858,Male,3,9.53,7.25,6.21,0,0,1,1,1
987,Madison Tolomei,684,Male,3,7.56,8.16,6.77,0,1,1,1,0
988,Mirella Coyle,110,Female,2,7.78,6.06,7.35,0,0,1,0,0
989,Dulci Edwardes,197,Female,3,9.16,8.49,6.28,0,1,1,0,1
990,Desdemona Yosifov,587,Female,1,8.31,9.13,6.5,0,0,1,1,1
991,Bradly Rappaport,285,Male,1,9.86,9.01,7.97,1,1,1,0,0
992,Camille Kingsnoad,877,Female,3,8.45,7.89,7.03,1,1,0,0,0
993,Irwin Corse,34,Male,1,6.97,6.61,7.2,1,0,1,0,1
994,Haywood Fryd,819,Male,2,6.78,8.01,9.9,0,0,1,0,1
995,Towny Dreelan,404,Male,2,6.64,7.25,6.97,1,1,1,0,1
996,Niven Darley,140,Male,2,7.36,9.57,7.2,0,0,1,0,1
997,Stevie Andryunin,281,Male,4,7.82,8.55,6.88,1,0,1,1,0
998,Shelton Yearsley,801,Male,2,9.11,9.4,8.97,0,1,1,1,0
999,Erie Conechie,993,Male,4,8.42,9.62,7.54,1,0,1,1,0
1000,Abran Pallesen,90,Male,3,9.92,9.02,8.31,1,1,1,1,1
